firstname,lastname,email,password
Mike,Johnson,mike2@example.com,Password123
Emma,Williams,emma3@example.com,Password123
Liam,Brown,liam4@example.com,Password123
John,Doe,john5@example.com,Password123
Jane,Smith,jane6@example.com,Password123
Mike,Johnson,mike7@example.com,Password123
Emma,Williams,emma8@example.com,Password123
Liam,Brown,liam9@example.com,Password123
John,Doe,john10@example.com,Password123
Jane,Smith,jane11@example.com,Password123
Mike,Johnson,mike12@example.com,Password123
Emma,Williams,emma13@example.com,Password123
Liam,Brown,liam14@example.com,Password123
John,Doe,john15@example.com,Password123
Jane,Smith,jane16@example.com,Password123
Mike,Johnson,mike17@example.com,Password123
Emma,Williams,emma18@example.com,Password123
Liam,Brown,liam19@example.com,Password123
John,Doe,john20@example.com,Password123
Jane,Smith,jane21@example.com,Password123
Mike,Johnson,mike22@example.com,Password123
Emma,Williams,emma23@example.com,Password123
Liam,Brown,liam24@example.com,Password123
John,Doe,john25@example.com,Password123
Jane,Smith,jane26@example.com,Password123
Mike,Johnson,mike27@example.com,Password123
Emma,Williams,emma28@example.com,Password123
Liam,Brown,liam29@example.com,Password123
John,Doe,john30@example.com,Password123
Jane,Smith,jane31@example.com,Password123
Mike,Johnson,mike32@example.com,Password123
Emma,Williams,emma33@example.com,Password123
Liam,Brown,liam34@example.com,Password123
John,Doe,john35@example.com,Password123
Jane,Smith,jane36@example.com,Password123
Mike,Johnson,mike37@example.com,Password123
Emma,Williams,emma38@example.com,Password123
Liam,Brown,liam39@example.com,Password123
John,Doe,john40@example.com,Password123
Jane,Smith,jane41@example.com,Password123
Mike,Johnson,mike42@example.com,Password123
Emma,Williams,emma43@example.com,Password123
Liam,Brown,liam44@example.com,Password123
John,Doe,john45@example.com,Password123
Jane,Smith,jane46@example.com,Password123
Mike,Johnson,mike47@example.com,Password123
Emma,Williams,emma48@example.com,Password123
Liam,Brown,liam49@example.com,Password123
John,Doe,john50@example.com,Password123
Jane,Smith,jane51@example.com,Password123
Mike,Johnson,mike52@example.com,Password123
Emma,Williams,emma53@example.com,Password123
Liam,Brown,liam54@example.com,Password123
John,Doe,john55@example.com,Password123
Jane,Smith,jane56@example.com,Password123
Mike,Johnson,mike57@example.com,Password123
Emma,Williams,emma58@example.com,Password123
Liam,Brown,liam59@example.com,Password123
John,Doe,john60@example.com,Password123
Jane,Smith,jane61@example.com,Password123
Mike,Johnson,mike62@example.com,Password123
Emma,Williams,emma63@example.com,Password123
Liam,Brown,liam64@example.com,Password123
John,Doe,john65@example.com,Password123
Jane,Smith,jane66@example.com,Password123
Mike,Johnson,mike67@example.com,Password123
Emma,Williams,emma68@example.com,Password123
Liam,Brown,liam69@example.com,Password123
John,Doe,john70@example.com,Password123
Jane,Smith,jane71@example.com,Password123
Mike,Johnson,mike72@example.com,Password123
Emma,Williams,emma73@example.com,Password123
Liam,Brown,liam74@example.com,Password123
John,Doe,john75@example.com,Password123
Jane,Smith,jane76@example.com,Password123
Mike,Johnson,mike77@example.com,Password123
Emma,Williams,emma78@example.com,Password123
Liam,Brown,liam79@example.com,Password123
John,Doe,john80@example.com,Password123
Jane,Smith,jane81@example.com,Password123
Mike,Johnson,mike82@example.com,Password123
Emma,Williams,emma83@example.com,Password123
Liam,Brown,liam84@example.com,Password123
John,Doe,john85@example.com,Password123
Jane,Smith,jane86@example.com,Password123
Mike,Johnson,mike87@example.com,Password123
Emma,Williams,emma88@example.com,Password123
Liam,Brown,liam89@example.com,Password123
John,Doe,john90@example.com,Password123
Jane,Smith,jane91@example.com,Password123
Mike,Johnson,mike92@example.com,Password123
Emma,Williams,emma93@example.com,Password123
Liam,Brown,liam94@example.com,Password123
John,Doe,john95@example.com,Password123
Jane,Smith,jane96@example.com,Password123
Mike,Johnson,mike97@example.com,Password123
Emma,Williams,emma98@example.com,Password123
Liam,Brown,liam99@example.com,Password123
John,Doe,john100@example.com,Password123
Jane,Smith,jane101@example.com,Password123
Mike,Johnson,mike102@example.com,Password123
Emma,Williams,emma103@example.com,Password123
Liam,Brown,liam104@example.com,Password123
John,Doe,john105@example.com,Password123
Jane,Smith,jane106@example.com,Password123
Mike,Johnson,mike107@example.com,Password123
Emma,Williams,emma108@example.com,Password123
Liam,Brown,liam109@example.com,Password123
John,Doe,john110@example.com,Password123
Jane,Smith,jane111@example.com,Password123
Mike,Johnson,mike112@example.com,Password123
Emma,Williams,emma113@example.com,Password123
Liam,Brown,liam114@example.com,Password123
John,Doe,john115@example.com,Password123
Jane,Smith,jane116@example.com,Password123
Mike,Johnson,mike117@example.com,Password123
Emma,Williams,emma118@example.com,Password123
Liam,Brown,liam119@example.com,Password123
John,Doe,john120@example.com,Password123
Jane,Smith,jane121@example.com,Password123
Mike,Johnson,mike122@example.com,Password123
Emma,Williams,emma123@example.com,Password123
Liam,Brown,liam124@example.com,Password123
John,Doe,john125@example.com,Password123
Jane,Smith,jane126@example.com,Password123
Mike,Johnson,mike127@example.com,Password123
Emma,Williams,emma128@example.com,Password123
Liam,Brown,liam129@example.com,Password123
John,Doe,john130@example.com,Password123
Jane,Smith,jane131@example.com,Password123
Mike,Johnson,mike132@example.com,Password123
Emma,Williams,emma133@example.com,Password123
Liam,Brown,liam134@example.com,Password123
John,Doe,john135@example.com,Password123
Jane,Smith,jane136@example.com,Password123
Mike,Johnson,mike137@example.com,Password123
Emma,Williams,emma138@example.com,Password123
Liam,Brown,liam139@example.com,Password123
John,Doe,john140@example.com,Password123
Jane,Smith,jane141@example.com,Password123
Mike,Johnson,mike142@example.com,Password123
Emma,Williams,emma143@example.com,Password123
Liam,Brown,liam144@example.com,Password123
John,Doe,john145@example.com,Password123
Jane,Smith,jane146@example.com,Password123
Mike,Johnson,mike147@example.com,Password123
Emma,Williams,emma148@example.com,Password123
Liam,Brown,liam149@example.com,Password123
John,Doe,john150@example.com,Password123
Jane,Smith,jane151@example.com,Password123
Mike,Johnson,mike152@example.com,Password123
Emma,Williams,emma153@example.com,Password123
Liam,Brown,liam154@example.com,Password123
John,Doe,john155@example.com,Password123
Jane,Smith,jane156@example.com,Password123
Mike,Johnson,mike157@example.com,Password123
Emma,Williams,emma158@example.com,Password123
Liam,Brown,liam159@example.com,Password123
John,Doe,john160@example.com,Password123
Jane,Smith,jane161@example.com,Password123
Mike,Johnson,mike162@example.com,Password123
Emma,Williams,emma163@example.com,Password123
Liam,Brown,liam164@example.com,Password123
John,Doe,john165@example.com,Password123
Jane,Smith,jane166@example.com,Password123
Mike,Johnson,mike167@example.com,Password123
Emma,Williams,emma168@example.com,Password123
Liam,Brown,liam169@example.com,Password123
John,Doe,john170@example.com,Password123
Jane,Smith,jane171@example.com,Password123
Mike,Johnson,mike172@example.com,Password123
Emma,Williams,emma173@example.com,Password123
Liam,Brown,liam174@example.com,Password123
John,Doe,john175@example.com,Password123
Jane,Smith,jane176@example.com,Password123
Mike,Johnson,mike177@example.com,Password123
Emma,Williams,emma178@example.com,Password123
Liam,Brown,liam179@example.com,Password123
John,Doe,john180@example.com,Password123
Jane,Smith,jane181@example.com,Password123
Mike,Johnson,mike182@example.com,Password123
Emma,Williams,emma183@example.com,Password123
Liam,Brown,liam184@example.com,Password123
John,Doe,john185@example.com,Password123
Jane,Smith,jane186@example.com,Password123
Mike,Johnson,mike187@example.com,Password123
Emma,Williams,emma188@example.com,Password123
Liam,Brown,liam189@example.com,Password123
John,Doe,john190@example.com,Password123
Jane,Smith,jane191@example.com,Password123
Mike,Johnson,mike192@example.com,Password123
Emma,Williams,emma193@example.com,Password123
Liam,Brown,liam194@example.com,Password123
John,Doe,john195@example.com,Password123
Jane,Smith,jane196@example.com,Password123
Mike,Johnson,mike197@example.com,Password123
Emma,Williams,emma198@example.com,Password123
Liam,Brown,liam199@example.com,Password123
John,Doe,john200@example.com,Password123
Jane,Smith,jane201@example.com,Password123
